{"version": 2, "width": 80, "height": 24, "timestamp": 1600692050, "env": {"SHELL": null, "TERM": "xterm-256color"}}
[0.231018, "o", "\u001b[100m                                           \u001b[0m\r\n\u001b[100m\u001b[97;1m     You can do many things with PTerm     \u001b[0m\u001b[0m\r\n\u001b[100m                                           \u001b[0m\r\n\r\n"]
[3.231192, "o", "\u001b[36mLike this header above!\u001b[0m\r\n"]
[5.231383, "o", "\u001b[H\u001b[2J"]
[5.231598, "o", "\u001b[97;42m SUCCESS \u001b[0m\u001b[32m You can print success messages!\u001b[0m\r\n"]
[7.231621, "o", "\u001b[97;46m INFO \u001b[0m\u001b[96m Or infos!\u001b[0m\r\n"]
[8.231859, "o", "\u001b[97;101m ERROR \u001b[0m\u001b[91m Or errors!\u001b[0m\r\n"]
[9.232011, "o", "\u001b[97;43m WARNING \u001b[0m\u001b[33m Or warnings!\u001b[0m\r\n"]
[10.232209, "o", "\u001b[100;97m Description \u001b[0m\u001b[100;97m Even descriptions can be printed...\u001b[0m\r\n"]
[12.232439, "o", "\u001b[91;44m CUSTOM \u001b[0m Or a custom PrefixPrinter can be crafted :)\r\n"]
[14.232562, "o", "\u001b[97;43m WARNING \u001b[0m\u001b[97;43m (custom-scope) \u001b[0m\u001b[33m PrefixPrinters also support scopes!\u001b[0m\r\n"]
[18.232666, "o", "\u001b[H\u001b[2J"]
[18.232863, "o", "\u001b[100m                                       \u001b[0m\r\n\u001b[100m\u001b[97;1m     Everything can be customized!     \u001b[0m\u001b[0m\r\n\u001b[100m                                       \u001b[0m\r\n\r\n"]
[20.232887, "o", "\u001b[H\u001b[2J\u001b[42m                                      \u001b[0m\r\n\u001b[42m\u001b[97m     Everything can be customized     \u001b[0m\u001b[0m\r\n\u001b[42m                                      \u001b[0m\r\n\r\n"]
[20.73305, "o", "\u001b[H\u001b[2J\u001b[47m                                      \u001b[0m\r\n\u001b[47m\u001b[97m     Everything can be customized     \u001b[0m\u001b[0m\r\n\u001b[47m                                      \u001b[0m\r\n\r\n"]
[21.233179, "o", "\u001b[H\u001b[2J\u001b[41m                                      \u001b[0m\r\n\u001b[41m\u001b[97m     Everything can be customized     \u001b[0m\u001b[0m\r\n\u001b[41m                                      \u001b[0m\r\n\r\n"]
[21.733294, "o", "\u001b[H\u001b[2J"]
[21.733475, "o", "\u001b[44m                                      \u001b[0m\r\n\u001b[44m\u001b[97m     Everything can be customized     \u001b[0m\u001b[0m\r\n\u001b[44m                                      \u001b[0m\r\n\r\n"]
[22.233498, "o", "\u001b[H\u001b[2J\u001b[43m                                      \u001b[0m\r\n\u001b[43m\u001b[97m     Everything can be customized     \u001b[0m\u001b[0m\r\n\u001b[43m                                      \u001b[0m\r\n\r\n"]
[22.733632, "o", "\u001b[H\u001b[2J\u001b[105m                                      \u001b[0m\r\n\u001b[105m\u001b[97m     Everything can be customized     \u001b[0m\u001b[0m\r\n\u001b[105m                                      \u001b[0m\r\n\r\n"]
[23.233806, "o", "\u001b[H\u001b[2J\u001b[105m                                      \u001b[0m\r\n\u001b[105m\u001b[97m     Everything can be customized     \u001b[0m\u001b[0m\r\n\u001b[105m                                      \u001b[0m\r\n\r\n"]
[23.333893, "o", "\u001b[H\u001b[2J"]
[23.334062, "o", "\u001b[105m                                        \u001b[0m\r\n\u001b[105m\u001b[97m      Everything can be customized      \u001b[0m\u001b[0m\r\n\u001b[105m                                        \u001b[0m\r\n\r\n"]
[23.434047, "o", "\u001b[H\u001b[2J\u001b[105m                                          \u001b[0m\r\n\u001b[105m\u001b[97m       Everything can be customized       \u001b[0m\u001b[0m\r\n\u001b[105m                                          \u001b[0m\r\n\r\n"]
[23.534242, "o", "\u001b[H\u001b[2J\u001b[105m                                            \u001b[0m\r\n\u001b[105m\u001b[97m        Everything can be customized        \u001b[0m\u001b[0m\r\n\u001b[105m                                            \u001b[0m\r\n\r\n"]
[23.634433, "o", "\u001b[H\u001b[2J\u001b[105m                                              \u001b[0m\r\n\u001b[105m\u001b[97m         Everything can be customized         \u001b[0m\u001b[0m\r\n\u001b[105m                                              \u001b[0m\r\n\r\n"]
[23.734646, "o", "\u001b[H\u001b[2J\u001b[105m                                                \u001b[0m\r\n\u001b[105m\u001b[97m          Everything can be customized          \u001b[0m\u001b[0m\r\n\u001b[105m                                                \u001b[0m\r\n\r\n"]
[23.834783, "o", "\u001b[H\u001b[2J\u001b[105m                                                  \u001b[0m\r\n\u001b[105m\u001b[97m           Everything can be customized           \u001b[0m\u001b[0m\r\n\u001b[105m                                                  \u001b[0m\r\n\r\n"]
[23.935017, "o", "\u001b[H\u001b[2J\u001b[105m                                                    \u001b[0m\r\n\u001b[105m\u001b[97m            Everything can be customized            \u001b[0m\u001b[0m\r\n\u001b[105m                                                    \u001b[0m\r\n\r\n"]
[24.035158, "o", "\u001b[H\u001b[2J\u001b[105m                                                      \u001b[0m\r\n\u001b[105m\u001b[97m             Everything can be customized             \u001b[0m\u001b[0m\r\n\u001b[105m                                                      \u001b[0m\r\n\r\n"]
[24.135361, "o", "\u001b[H\u001b[2J\u001b[105m                                                        \u001b[0m\r\n\u001b[105m\u001b[97m              Everything can be customized              \u001b[0m\u001b[0m\r\n\u001b[105m                                                        \u001b[0m\r\n\r\n"]
[24.235513, "o", "\u001b[H\u001b[2J\u001b[105m                                                          \u001b[0m\r\n\u001b[105m\u001b[97m               Everything can be customized               \u001b[0m\u001b[0m\r\n\u001b[105m                                                          \u001b[0m\r\n\r\n"]
[24.335686, "o", "\u001b[H\u001b[2J\u001b[105m                                                        \u001b[0m\r\n\u001b[105m\u001b[97m              Everything can be customized              \u001b[0m\u001b[0m\r\n\u001b[105m                                                        \u001b[0m\r\n\r\n"]
[24.435822, "o", "\u001b[H\u001b[2J\u001b[105m                                                      \u001b[0m\r\n\u001b[105m\u001b[97m             Everything can be customized             \u001b[0m\u001b[0m\r\n\u001b[105m                                                      \u001b[0m\r\n\r\n"]
[24.536044, "o", "\u001b[H\u001b[2J\u001b[105m                                                    \u001b[0m\r\n\u001b[105m\u001b[97m            Everything can be customized            \u001b[0m\u001b[0m\r\n\u001b[105m                                                    \u001b[0m\r\n\r\n"]
[24.636182, "o", "\u001b[H\u001b[2J\u001b[105m                                                  \u001b[0m\r\n\u001b[105m\u001b[97m           Everything can be customized           \u001b[0m\u001b[0m\r\n\u001b[105m                                                  \u001b[0m\r\n\r\n"]
[24.736416, "o", "\u001b[H\u001b[2J\u001b[105m                                                \u001b[0m\r\n\u001b[105m\u001b[97m          Everything can be customized          \u001b[0m\u001b[0m\r\n\u001b[105m                                                \u001b[0m\r\n\r\n"]
[24.836523, "o", "\u001b[H\u001b[2J\u001b[105m                                              \u001b[0m\r\n\u001b[105m\u001b[97m         Everything can be customized         \u001b[0m\u001b[0m\r\n\u001b[105m                                              \u001b[0m\r\n\r\n"]
